login,name,location,created_at,followers,repositories
torvalds,Linus Torvalds,"Portland, OR",N/A,219610,31
yyx990803,Evan You,Singapore,N/A,101840,230
gustavoguanabara,Gustavo Guanabara,"Rio de Janeiro, Brazil",N/A,92040,7
karpathy,Andrej,Stanford,N/A,91536,59
gaearon,dan,,N/A,87970,326
peng-zhihui,稚晖,Shanghai,N/A,80762,61
ruanyf,Ruan YiFeng,"Shanghai, China",N/A,79335,75
bradtraversy,Brad Traversy,Massachusetts,N/A,72334,290
sindresorhus,Sindre Sorhus,,N/A,69555,1159
JakeWharton,Jake Wharton,"Pittsburgh, PA, USA",N/A,67641,206
rafaballerini,Rafaella Ballerini,"Santa Catarina, Brasil",N/A,54077,64
tj,TJ Holowaychuk,"London, UK",N/A,50867,326
getify,Kyle Simpson,"Austin, TX",N/A,43936,71
geohot,George Hotz,"San Diego, CA",N/A,43553,96
addyosmani,Addy Osmani,"Mountain View, California",N/A,43081,374
lucidrains,Phil Wang,San Francisco,N/A,41421,315
michaelliao,Crypto Michael,"Beijing, China",N/A,37262,100
llSourcell,Siraj Raval,"San Francisco, CA",N/A,36827,468
ThePrimeagen,ThePrimeagen,"9th Ring, Vim",N/A,35361,216
kamranahmedse,Kamran Ahmed,United Kingdom,N/A,34710,114
filipedeschamps,Filipe Deschamps,Brasil,N/A,33625,27
wesbos,Wes Bos,"Hamilton, Ontario",N/A,33582,382
kentcdodds,Kent C. Dodds,"Salt Lake City, Utah, USA",N/A,33315,790
hiteshchoudhary,Hitesh Choudhary,India,N/A,33290,101
IDouble,Alp ₿📈🚀🌕,"Zurich, Switzerland",N/A,33185,61
3b1b,Grant Sanderson,,N/A,32994,12
antfu,Anthony Fu,undefined,N/A,32988,493
taylorotwell,Taylor Otwell,"Little Rock, AR",N/A,32631,54
ry,Ryan Dahl,New York City,N/A,31863,69
diego3g,Diego Fernandes,Brasil,N/A,31547,142
paulirish,Paul Irish,,N/A,31472,439
iamshaunjp,Shaun (Net Ninja),United Kingdom,N/A,30991,131
krishnaik06,Krish C Naik,Bangalore,N/A,30944,331
kunal-kushwaha,Kunal Kushwaha,"London, UK",N/A,30854,56
dmalan,David J. Malan,"Cambridge, MA, USA",N/A,30623,31
WebDevSimplified,,Nebraska,N/A,30334,207
kennethreitz,Kenneth Reitz,"Virginia, USA, Earth, Milky Way.",N/A,29134,139
benawad,Ben Awad,"Austin, TX",N/A,29014,264
StephenGrider,Stephen Grider,,N/A,28817,134
midudev,Miguel Ángel Durán,Barcelona,N/A,28322,199
adrianhajdin,Adrian Hajdin - JS Mastery,Croatia,N/A,28286,149
buckyroberts,Bucky Roberts,"New York, NY",N/A,27286,61
tiangolo,Sebastián Ramírez,"Berlin, Germany",N/A,26478,88
hadley,Hadley Wickham,"Houston, TX",N/A,25840,357
CodeWithHarry,,,N/A,25764,37
mouredev,Brais Moure,Building software with  ♥ from Galicia (Spain) to the world.,N/A,25384,47
jonasschmedtmann,Jonas Schmedtmann,"Faro, Portugal",N/A,25296,8
rasbt,Sebastian Raschka,"Madison, WI",N/A,24766,159
gamemann,Christian Deacon,"Mullica Hill, New Jersey, US",N/A,24663,161
daimajia,代码家,"Beijing, China",N/A,24631,90
mojombo,Tom Preston-Werner,San Francisco,N/A,24054,88
sdras,Sarah Drasner,All over the place,N/A,23994,114
jwasham,John Washam,United States,N/A,23676,30
mrdoob,,,N/A,23432,50
gvanrossum,Guido van Rossum,San Francisco Bay Area,N/A,23293,54
mdo,Mark Otto,"San Francisco, CA",N/A,23276,34
mbostock,Mike Bostock,"San Francisco, CA",N/A,23021,104
defunkt,Chris Wanstrath,,N/A,22401,125
kelseyhightower,Kelsey Hightower,"Portland, OR",N/A,22346,241
JohnMwendwa,John Mwendwa,"Nairobi, Kenya",N/A,22062,113
techwithtim,Tim Ruscica,Dubai,N/A,21995,182
keijiro,Keijiro Takahashi,Japan,N/A,21861,835
mitsuhiko,Armin Ronacher,Austria,N/A,21761,315
douglascrockford,Douglas Crockford,Anaheim,N/A,21739,18
codediodeio,Jeff Delaney,"Phoenix, AZ",N/A,21678,85
tpope,Tim Pope,"Brooklyn, NY",N/A,21657,90
antirez,Salvatore Sanfilippo,"Catania, Sicily, Italy",N/A,21637,88
programthink,编程随想,China,N/A,21390,5
geerlingguy,Jeff Geerling,"St. Louis, MO",N/A,21284,297
mli,Mu Li,"Palo Alto, CA",N/A,21279,43
MorvanZhou,Morvan,,N/A,21253,39
JacksonTian,Jackson Tian,"Hangzhou, China",N/A,21203,285
donnemartin,Donne Martin,"Washington, D.C.",N/A,21093,29
cloudwu,云风,China,N/A,20977,135
ProgrammingHero1,Programming Hero,,N/A,20691,721
MrXyfir,xyfir,California,N/A,20579,19
dhh,David Heinemeier Hansson,,N/A,20415,21
SebLague,Sebastian Lague,Denmark,N/A,20279,89
developedbyed,Simo Edwin,Scotland,N/A,20130,85
phodal,Fengda Huang,"Shanghai / Hangzhou, China",N/A,20066,495
john-smilga,John Smilga,"Sarasota, FL",N/A,19938,261
Luc4st1574,Lucas Santillan,,N/A,19349,12
xiaolai,xiaolai,beijing,N/A,19268,56
shiffman,Daniel Shiffman,"New York, NY",N/A,19266,255
Rich-Harris,Rich Harris,NYC,N/A,19234,403
elyxdev,Elyx,"Medellín, Colombia.",N/A,19071,14
jadijadi,Jadi,,N/A,18965,97
brunosimon,Bruno Simon,Paris,N/A,18771,88
jeresig,John Resig,"Hudson Valley, NY",N/A,18744,119
angelabauer,Angela Yu,"London, UK",N/A,18661,975
chrisbanes,Chris Banes,"Bath, UK",N/A,18608,51
loiane,Loiane Groner,"Florida, US",N/A,18420,358
metatimeofficial,Metatime,"İstanbul, Turkey",N/A,18212,2
Visualize-ML,Iris Series: Visualize Math -- From Arithmetic Basics to Machine Learning,,N/A,18111,8
BEPb,Andrej Marinchenko,Belarus,N/A,18075,43
mattt,Mattt,"Portland, OR",N/A,18023,103
cumsoft,cumsoft,"New York, NY",N/A,17759,8
jakevdp,Jake Vanderplas,Oakland CA,N/A,17753,286
hkirat,Kirat,Earth,N/A,17686,129
vczh,,"Seattle, WA, USA",N/A,17513,19
liyupi,程序员鱼皮,China Shanghai,N/A,17417,83
Asabeneh,Asabeneh,"Helsinki, Finland",N/A,17352,169
halfrost,halfrost,"[California, Singapore, China]",N/A,17044,81
Trinea,Trinea,HangZhou,N/A,17004,24
justjavac,迷渡,"Tianjin, China",N/A,16931,381
clowwindy,clowwindy,,N/A,16911,53
trekhleb,Oleksii Trekhleb,Amsterdam,N/A,16849,22
kenjinote,kenji,Japan,N/A,16767,604
esin,Andrey Esin,,N/A,16678,49
JeffreyWay,Jeffrey Way,"Winter Park, FL",N/A,16609,165
fchollet,François Chollet,,N/A,16543,27
codingforentrepreneurs,Coding For Entrepreneurs,"Boise, Idaho",N/A,16381,206
jlord,Jessica Lord,"London, England",N/A,16355,198
peter-kimanzi,Peter Kimanzi,Nairobi,N/A,16284,116
iam-veeramalla,Abhishek Veeramalla,"Hyderabad, India",N/A,16279,63
maykbrito,Mayk Brito,Brazil,N/A,16032,173
sandhikagalih,Sandhika Galih,Indonesia,N/A,15902,94
stormzhang,stormzhang,"Shanghai, China",N/A,15879,5
lifesinger,lifesinger,"Hangzhou, China",N/A,15869,3
LeaVerou,Lea Verou,"Cambridge, MA",N/A,15665,136
jackfrued,骆昊,"Chengdu Sichuan, China",N/A,15627,125
Ovilia,Wenli Zhang,"Shanghai, China",N/A,15567,79
octocat,The Octocat,San Francisco,N/A,15563,203
onevcat,Wei Wang,"Yokohama, Japan / China",N/A,15448,216
chiphuyen,Chip Huyen,San Francisco,N/A,15331,36
spf13,Steve Francia,NYC,N/A,15318,113
johnpapa,John Papa,"Orlando, FL",N/A,15315,198
AUTOMATIC1111,,,N/A,15277,41
ggerganov,Georgi Gerganov,"Sofia, Bulgaria",N/A,15249,75
josevalim,José Valim,"Kraków, Poland",N/A,15213,64
isaacs,isaacs,Oakland CA,N/A,15169,507
astaxie,astaxie,"Shanghai, China",N/A,14997,81
rauchg,Guillermo Rauch,SF,N/A,14939,181
kubowania,Ania Kubow,,N/A,14864,127
wesm,Wes McKinney,"Nashville, TN",N/A,14758,147
RubyLouvre,司徒正美,China,N/A,14737,131
Kwynto,Constantine Zavezeon,Russia,N/A,14708,19
ageron,Aurélien Geron,Auckland,N/A,14706,86
gopinav,Vishwas,India,N/A,14683,70
PremChapagain,Prem Chapagain,kathmandu,N/A,14636,1
lllyasviel,,,N/A,14609,53
CyC2018,,"Guangzhou, China",N/A,14577,7
taniarascia,Tania Rascia,,N/A,14553,51
feross,Feross Aboukhadijeh,"Stanford, CA",N/A,14405,221
sorrycc,chencheng (云谦),"HangZhou, China",N/A,14390,253
in28minutes,,"Hyderabad, India",N/A,14373,104
goodfeli,Ian Goodfellow,Mountain View,N/A,14310,24
ahejlsberg,Anders Hejlsberg,"Redmond, WA, USA",N/A,14302,7
unknwon,Joe Chen,,N/A,14288,53
mitchellh,Mitchell Hashimoto,"Los Angeles, CA",N/A,14236,128
acdlite,Andrew Clark,New York,N/A,14235,87
florinpop17,Florin Pop,Romania,N/A,14233,101
DIYgod,DIYgod,Singapore,N/A,14200,95
AlexTheAnalyst,Alex The Analyst,,N/A,14121,13
yinwang0,Yin Wang,,N/A,13820,20
schacon,Scott Chacon,"Berlin, Germany",N/A,13757,241
unclebob,Robert C. Martin,"Gurnee, IL",N/A,13729,76
bailicangdu,cangdu,"Shanghai, China",N/A,13694,23
lydiahallie,Lydia Hallie,,N/A,13458,63
Code-Bullet,Code Bullet,,N/A,13432,25
cassidoo,Cassidy Williams,"Chicago, IL",N/A,13385,188
ForrestKnight,Forrest Knight,"Virginia Beach, VA",N/A,13291,31
fengdu78,Huang Haiguang,"Qingdao,China",N/A,13256,17
jashkenas,Jeremy Ashkenas,Berkeley,N/A,13244,26
fabpot,Fabien Potencier,"Paris, France",N/A,13244,90
brianyu28,Brian Yu,"Boston, MA",N/A,13204,47
Klerith,Fernando Herrera,Costa Rica,N/A,13203,525
breakwa11,破娃酱,"喵嗷污, China",N/A,13201,8
jessfraz,Jess Frazelle,PID 1,N/A,13196,196
anuraghazra,Anurag Hazra,"India, West Bengal",N/A,13130,139
PanJiaChen,花裤衩,"Shanghai, China",N/A,13081,73
draveness,Draven,"Beijing, China",N/A,13012,90
hongyangAndroid,张鸿洋,"Beijing,China",N/A,12988,102
eust-w,longtao,Sol III,N/A,12886,112
atilsamancioglu,Atıl Samancıoğlu,,N/A,12842,523
davidfowl,David Fowler,"Bellevue, WA",N/A,12808,312
OracleBrain,Aashis Jha,"Kathmandu, Nepal ",N/A,12806,37
mosh-hamedani,Mosh Hamedani,"Melbourne, Australia",N/A,12786,31
KaimingHe,Kaiming He,,N/A,12751,10
angusshire,Angus H.,"Berkeley, CA",N/A,12748,19
abuanwar072,Abu Anwar,"Dhaka, Bangladesh",N/A,12735,79
leerob,Lee Robinson,"Des Moines, IA",N/A,12689,89
CoreyMSchafer,Corey Schafer,United States,N/A,12660,5
haoel,Hao Chen,Beijing,N/A,12629,29
developit,Jason Miller,"Hamilton, Ontario, Canada",N/A,12594,404
BYVoid,Carbo Kuo,New York,N/A,12585,48
evanw,Evan Wallace,San Francisco,N/A,12526,129
miguelgrinberg,Miguel Grinberg,Ireland,N/A,12493,203
btholt,Brian Holt,MSP 🔜 SNA 🔜 SLC 🔜 SMF,N/A,12488,167
mattn,mattn,"Osaka, Japan",N/A,12445,2096
hakimel,Hakim El Hattab,Sweden,N/A,12433,32
vbuterin,,,N/A,12366,69
matheusbattisti,Matheus Battisti - Hora de Codar,"Floripa, Brasil",N/A,12334,150
egoist,EGOIST,China,N/A,12315,847
mathiasbynens,Mathias Bynens,,N/A,12284,682
laruence,Xinchen Hui,,N/A,12266,29
soumith,Soumith Chintala,"New York, USA",N/A,12200,212
ibireme,,,N/A,12189,23
rakyll,Jaana Dogan,"San Francisco, CA",N/A,12189,232
Charles-Chrismann,Charles Chrismann,"Paris, La Défense",N/A,12146,53
bradfitz,Brad Fitzpatrick,Seattle,N/A,12109,166
tomnomnom,Tom Hudson,"Yorkshire, UK",N/A,12101,101
acenelio,Nelio Alves,Brazil,N/A,12087,290
iconfont-cn,,,N/A,11993,0
kevin-powell,Kevin Powell,,N/A,11908,103
adamwathan,Adam Wathan,"Ontario, Canada",N/A,11897,187
KalleHallden,kalle hallden,,N/A,11755,55
YunaiV,芋道源码,"Shanghai, China",N/A,11718,86
nicknochnack,Nicholas Renotte,"Sydney, Australia",N/A,11706,194
jonhoo,Jon Gjengset,"Oslo, Norway",N/A,11696,266
agentzh,Yichun Zhang,San Francisco Bay Area,N/A,11673,91
tqchen,Tianqi Chen,,N/A,11667,60
tannerlinsley,Tanner Linsley,Utah,N/A,11662,159
philipplackner,Philipp Lackner,Germany,N/A,11519,304
LukeSmithxyz,Luke Smith,,N/A,11475,30
bedimcode,Marlon,Perú,N/A,11451,140
dsacademybr,Data Science Academy,Brasil,N/A,11331,4
iampawan,Pawan Kumar,"Faridabad, India",N/A,11329,248
skydoves,Jaewoong Eum,"Seoul, South Korea",N/A,11321,101
shanselman,Scott Hanselman,"Portland, OR",N/A,11315,240
mqyqingfeng,冴羽,"Hangzhou, China",N/A,11310,33
fouber,张云龙,China,N/A,11272,182
yangshun,Yangshun Tay,Singapore,N/A,11244,138
TheCherno,Yan Chernikov,"Melbourne, Australia",N/A,11240,41
muan,Mu-An Chiou,Taipei,N/A,11232,180
bvaughn,Brian Vaughn,"Brooklyn, NY",N/A,11179,183
jakearchibald,Jake Archibald,,N/A,11163,256
JohnHammond,John Hammond,,N/A,11159,78
shadcn,shadcn,,N/A,11065,231
samyk,samy kamkar,los angeles,N/A,11020,185
necolas,Nicolas Gallagher,"San Francisco, CA",N/A,11015,82
QianMo,浅墨（毛星云）,"Shenzhen, China",N/A,11012,37
zenorocha,Zeno Rocha,"San Francisco, California",N/A,10974,188
bot50,CS50 Bot,"Cambridge, Massachusetts, USA",N/A,10958,31
jrohitofficial,Rohit Jha,"Kathmandu, Nepal",N/A,10955,58
robpike,Rob Pike,,N/A,10937,25
chriscoyier,Chris Coyier,"Bend, Oregon",N/A,10853,78
craftzdog,Takuya Matsuyama,"Osaka, Japan",N/A,10823,165
htr-tech,Tahmid Rayat,"Dhaka, Bangladesh",N/A,10769,35
offensive-security,Offsec,,N/A,10740,29
amueller,Andreas Mueller,Los Gatos,N/A,10731,217
gitdagray,Dave Gray,"Lawrence, Kansas",N/A,10651,176
engindemirog,Engin Demirog,Ankara,N/A,10628,56
chenshuo,Shuo Chen,California,N/A,10623,56
mnielsen,Michael Nielsen,"San Francisco, California",N/A,10616,37
Elfocrash,Nick Chapsas,"London, UK",N/A,10602,51
miloyip,Milo Yip,"Hong Kong, China",N/A,10589,32
romannurik,Roman Nurik,"New York, NY",N/A,10554,65
eugenp,Eugen,"Bucharest, Romania",N/A,10549,14
t3dotgg,Theo Browne,"San Francisco, CA",N/A,10527,125
2dust,,,N/A,10526,12
sofish,小鱼,Shanghai China,N/A,10485,42
professorguanabara,Gustavo Guanabara,"Rio de Janeiro, Brazil",N/A,10458,6
Snailclimb,Guide,"Wuhan, Hubei",N/A,10440,24
akitaonrails,Fabio Akita,Brazil,N/A,10421,131
nzakas,Nicholas C. Zakas,"Mountain View, CA",N/A,10414,78
bojone,苏剑林(Jianlin Su),,N/A,10414,107
ghost,Deleted user,"Nothing to see here, move along.",N/A,10380,8
ChrisTitusTech,Chris Titus,"Dallas, TX",N/A,10300,58
lattner,Chris Lattner,"Bay Area, California, USA",N/A,10288,17
aneagoie,Andrei Neagoie,"Toronto, Canada",N/A,10281,157
jhaddix,Jason Haddix,United States,N/A,10246,72
danielmiessler,Daniel Miessler,SF Bay Area,N/A,10239,73
BurntSushi,Andrew Gallant,"Marlborough, MA",N/A,10230,190
wycats,Yehuda Katz,"Portland, OR",N/A,10228,397
benbalter,Ben Balter,"Washington, DC",N/A,10228,258
rsc,Russ Cox,"Cambridge, MA",N/A,10120,157
ErickWendel,Erick Wendel,São Paulo - Brazil,N/A,10120,317
romainguy,Romain Guy,California,N/A,10095,21
jart,Justine Tunney,,N/A,10080,235
george0st,jist,"Europe, Czech Republic, Prague",N/A,10079,24
Pierian-Data,Pierian Data,,N/A,10063,32
sophiebits,Sophie Alpert,"San Francisco, CA",N/A,10057,185
jvns,Julia Evans,,N/A,10003,187
alex,Alex Gaynor,Washington D.C.,N/A,9960,497
Sentdex,Harrison,Texas,N/A,9932,47
munificent,Bob Nystrom,"Seattle, WA",N/A,9931,53
tjdevries,TJ DeVries,,N/A,9913,183
easychen,Easy,"Chongqing, China",N/A,9907,225
shiftkey,Brendan Forster,Canada,N/A,9898,199
mgechev,Minko Gechev,California,N/A,9888,404
matz,"Yukihiro ""Matz"" Matsumoto","Matsue, Japan",N/A,9833,15
AllenDowney,Allen Downey,"Needham, MA, USA",N/A,9814,369
CoderMJLee,M了个J,"Guangzhou, China",N/A,9805,16
mustafacagri,Mustafa Çağrı Güven,İstanbul / ✈️ 🌎,N/A,9790,41
mcollina,Matteo Collina,"Forlì, Italy",N/A,9756,737
topjohnwu,John Wu,US / Taiwan,N/A,9744,55
toddmotto,Todd Motto,"England, UK",N/A,9685,103
PatrickAlphaC,Patrick Collins,Boston,N/A,9674,291
typicode,,,N/A,9639,78
ustbhuangyi,HuangYi,"HeFei,China",N/A,9631,79
wizardforcel,布客飞龙,"Beijing, China",N/A,9612,772
noob-hackers,N17R0,india,N/A,9607,24
pjreddie,Joseph Redmon,,N/A,9597,49
knadh,Kailash Nadh,Bengaluru,N/A,9581,83
ryanflorence,Ryan Florence,Utah,N/A,9567,297
listen1,Listen 1,,N/A,9521,9
bchiang7,Brittany Chiang,,N/A,9502,65
yihui,Yihui Xie,"Omaha, NE",N/A,9473,141
dennybritz,Denny Britz,"Tokyo, Japan",N/A,9471,68
jaredpalmer,Jared Palmer,"New York, NY",N/A,9459,216
tenderlove,Aaron Patterson,Seattle,N/A,9448,413
joshlong,Josh Long,"San Francisco, CA",N/A,9437,652
Jack-Cherish,Jack Cui,China,N/A,9426,18
frontend-joe,Joe,United Kingdom,N/A,9425,95
haileys,Hailey Somerville,Naarm / Melbourne,N/A,9391,392
colah,Christopher Olah,San Francisco,N/A,9373,67
wasabeef,Daichi Furiya,"Tokyo, Japan",N/A,9370,50
arthurspk,Arthur Coutinho,"Alagoas, Brazil",N/A,9300,161
wintercn,Shaofei Cheng,China,N/A,9287,54
norvig,Peter Norvig,"Palo Alto, CA, USA",N/A,9284,6
mrdbourke,Daniel Bourke,,N/A,9283,67
ai,Andrey Sitnik,"Barcelona, Spain",N/A,9161,132
abhishekkrthakur,abhishek thakur,127.0.0.1,N/A,9153,94
simplesteph,Stephane Maarek,Lisbon + moving around the world,N/A,9149,73
jcjohnson,Justin Johnson,,N/A,9112,44
sokra,Tobias Koppers,Germany,N/A,9104,138
shahradelahi,Shahrad Elahi,Earth,N/A,9096,52
ChristianLempa,Christian Lempa,Germany,N/A,9094,12
i5ting,狼叔,china beijing,N/A,9081,951
dyc87112,程序猿DD,"Shanghai, China",N/A,9079,62
521xueweihan,削微寒,"Beijing, China",N/A,9006,150
teteusAraujo,Mateus Araújo,São Paulo/SP,N/A,8999,23
macrozheng,macro,"Wuxi,China",N/A,8952,19
f,Fatih Kadir Akın,"Istanbul, Turkey",N/A,8908,258
s0md3v,Somdev Sangwan,India,N/A,8906,55
CleverProgrammer,Rafeh Qazi,Los Angeles,N/A,8889,191
bubbliiiing,Bubbliiiing,,N/A,8864,138
elidianaandrade,Eli,Brazil,N/A,8863,9
jordwalke,Jordan W,,N/A,8847,145
NeuralNine,NeuralNine,"Vienna, Austria",N/A,8829,15
sebmarkbage,Sebastian Markbåge,New York City,N/A,8822,83
carpedm20,Taehoon Kim,"Seoul, Korea",N/A,8817,210
alyssaxuu,Alyssa X,"London, UK",N/A,8780,15
ityouknow,纯洁的微笑,"beijing,china",N/A,8779,30
igrigorik,Ilya Grigorik,"Portland, OR",N/A,8766,95
jamiebuilds,Jamie Kyle,https://jamie.build,N/A,8746,715
MisterBooo,吴师兄学算法,"Guangzhou, China",N/A,8745,88
hmaverickadams,Heath Adams,,N/A,8735,20
ardalis,Steve Smith,Ohio,N/A,8712,294
samarjitsahoo,Samarjit Sahoo,"India, Asia",N/A,8705,13
fat,fat,internet jail,N/A,8703,68
lepture,Hsiaoming Yang,Japan,N/A,8701,185
felangel,Felix Angelov,Chicago,N/A,8683,147
audreyt,唐鳳,Taiwan,N/A,8677,390
GoesToEleven,Todd McLeod,,N/A,8638,56
rwieruch,Robin Wieruch,Berlin/Remote,N/A,8623,212
clementmihailescu,Clément Mihailescu,,N/A,8571,18
ChenYilong,ChenYilong,"Auckland, New Zealand",N/A,8564,37
Fndroid,Fndroid,China,N/A,8552,64
ElzeroWebSchool,Elzero Web School,,N/A,8529,24
H-K-R,Humayra Khanom Rime,Your Heart,N/A,8498,56
DevonCrawford,Devon Crawford,,N/A,8496,10
OneLoneCoder,Javidx9,http://www.youtube.com/javidx9,N/A,8487,13
fatih,Fatih Arslan,"Ankara, TR",N/A,8476,65
hwchase17,Harrison Chase,,N/A,8463,90
lexfridman,Lex Fridman,"Cambridge, MA",N/A,8462,3
nwaliaez,Neeraj Walia,India,N/A,8449,18
rexim,Alexey Kutepov,Novosibirsk,N/A,8416,99
lucasmontano,Lucas Montano,"Amsterdam, The Netherlands",N/A,8401,38
vjanz,Valon Januzaj,"Prishtina, Kosovo",N/A,8380,16
evilsocket,Simone Margaritelli,Italy,N/A,8378,176
Colt,Colt Steele,,N/A,8363,166
alineai18,Aline Angela Ibers,Brazil,N/A,8355,4
996icu,,,N/A,8330,1
twostraws,Paul Hudson,"Bath, UK",N/A,8328,72
eddiejaoude,Eddie Jaoude,"London, UK",N/A,8328,115
pjhyett,PJ Hyett,San Francisco,N/A,8308,8
liaohuqiu,Huqiu Liao,Hangzhou,N/A,8308,125
AbdeenM,Abdeen Mohamed,"Lefkosa, Cyprus",N/A,8290,8
justmarkham,Kevin Markham,"Asheville, NC, USA",N/A,8251,44
chokcoco,Coco,"ShenZhen, China",N/A,8246,67
ahmetb,Ahmet Alp Balkan,"Seattle, WA",N/A,8215,225
koush,Koushik Dutta,"Seattle, WA",N/A,8212,367
daneden,Daniel Eden,"London, UK",N/A,8169,106
swisskyrepo,Swissky,,N/A,8138,17
fengmk2,fengmk2,"Hangzhou, China",N/A,8120,243
stefanprodan,Stefan Prodan,,N/A,8112,105
jamesmontemagno,James Montemagno,Pacific Northwest,N/A,8075,405
mercyblitz,Mercy Ma,"Hangzhou, China",N/A,8065,56
lilianweng,Lilian,,N/A,8064,23
cusspvz,José Moreira,"Póvoa de Varzim, Porto, Portugal",N/A,8063,182
wcandillon,William Candillon,Zürich,N/A,8056,179
brendangregg,Brendan Gregg,"Sydney, Australia",N/A,8024,46
dtolnay,David Tolnay,"Redwood City, California",N/A,8021,123
cyanharlow,Diana Smith,"SF Bay, CA",N/A,8019,16
BilgisayarKavramlari,Sadi Evren SEKER,,N/A,8012,14
AntonioErdeljac,Antonio Erdeljac,"Zagreb, Croatia",N/A,7996,106
sudheerj,Sudheer Jonna,,N/A,7989,71
rovo89,Robert Vollmer,,N/A,7986,54
drakeet,Drakeet,"Suzhou, China",N/A,7969,25
dataprofessor,Chanin Nantasenamat,Thailand,N/A,7967,256
rengwuxian,Kai Zhu,"Zhengzhou, China",N/A,7959,65
amitshekhariitbhu,AMIT SHEKHAR,"New Delhi, India",N/A,7953,104
jaywcjlove,小弟调调,"Suzhou, China",N/A,7928,209
vinta,Vinta Chen,Taiwan,N/A,7909,23
springframeworkguru,John Thompson,"Tampa Bay, Florida",N/A,7859,216
DeborahK,Deborah Kurata,"San Francisco/Silicon Valley, CA",N/A,7816,88
FiloSottile,Filippo Valsorda,"Rome, Italy",N/A,7790,121
jhcloos,James Cloos,,N/A,7785,14
junegunn,Junegunn Choi,,N/A,7779,151
algorithmzuo,左程云,,N/A,7779,16
cami-la,Camila Cavalcante,"Pernambuco, Brazil",N/A,7734,170
ryanb,Ryan Bates,Southern Oregon,N/A,7717,80
kamilmysliwiec,Kamil Mysliwiec,Poland,N/A,7702,61
remy,Remy Sharp,"Brighton, UK",N/A,7700,361
Yangqing,Yangqing Jia,Berkeley,N/A,7699,55
Germey,Germey,United States of America,N/A,7687,233
CarGuo,Shuyu Guo,China 广东 珠海,N/A,7632,57
drkostas,Kostas Georgiou,,N/A,7607,54
andrewrk,Andrew Kelley,"Portland, Oregon",N/A,7603,269
felipefialho,Felipe Fialho,Sao Paulo - Brazil,N/A,7595,41
liuyubobobo,Yubo Liu,USA / China,N/A,7568,35
nahamsec,Ben Sadeghipour,,N/A,7508,24
fazt,Fazt,,N/A,7506,273
PKUFlyingPig,Yinmin Zhong,"Beijing, China",N/A,7424,87
aplus-developer,Aplus Developer,Internet,N/A,7421,7
zcbenz,Cheng,Japan,N/A,7408,53
youngyangyang04,程序员Carl,Shenzhen,N/A,7408,48
maxschwarzmueller,Maximilian Schwarzmüller,Germany,N/A,7408,12
nunomaduro,Nuno Maduro,Portugal,N/A,7381,269
shradha-khapra,Shradha Khapra,"New Delhi,India",N/A,7366,20
mxcl,Max Howell,"Apex, NC, USA",N/A,7365,64
singwhatiwanna,singwhatiwanna,"Beijing, China",N/A,7344,27
UberGuidoZ,UberGuidoZ,Everywhere and nowhere,N/A,7342,86
davidbombal,David Bombal,UK,N/A,7340,18
sebastianbergmann,Sebastian Bergmann,"Siegburg, Germany",N/A,7322,81
jtleek,Jeff L.,"Seattle, WA",N/A,7303,173
satya-nutella,,/dev/null,N/A,7283,109
LaravelDaily,Laravel Daily,"Vilnius, Lithuania / London, UK",N/A,7282,362
rdpeng,Roger D. Peng,,N/A,7277,110
ip681,Ivo Petkov,"Sofia, Bulgaria",N/A,7271,17
luizomf,Luiz Otávio,"Boa Esperança, MG, Brazil",N/A,7270,99
skyzh,Alex Chi Z.,"Pittsburgh, PA, USA ⇌ Shanghai, China",N/A,7257,237
dabit3,Nader Dabit,"Madison, Mississippi",N/A,7257,458
zloirock,Denis Pushkarev,,N/A,7256,11
willianjusten,Willian Justen ,✈️,N/A,7254,118
JohnSundell,John Sundell,"Gdansk, Poland",N/A,7247,68
rsms,Rasmus,San Francisco,N/A,7224,182
nihui,,Shanghai,N/A,7193,185
Shehab-Hegab,Shehab-Hegab ,eygpt,N/A,7192,129
blocage,David,,N/A,7186,5
tangqiaoboy,Tang Qiao,"Beijing, China",N/A,7177,44
Huxpro,Xuan Huang (黄玄),"[NY, CA, ...China]",N/A,7125,89
ljharb,Jordan Harband,"Hillsborough, CA",N/A,7117,496
safak,Safak,,N/A,7115,35
overtrue,安正超,"Shenzhen,China",N/A,7111,110
ashishpatel26,Ashish Patel,Ahmedabad,N/A,7104,1943
Jinjiang,Jinjiang,Singapore,N/A,7096,82
mjackson,Michael Jackson,"Carlsbad, California",N/A,7089,205
mschwarzmueller,Maximilian ,,N/A,7088,47
afc163,afc163,"Hangzhou, China",N/A,7064,277
rrousselGit,Remi Rousselet,,N/A,7062,74
Alvin9999,自由上网,,N/A,7057,122
rougier,Nicolas P. Rougier,"Bordeaux, France",N/A,7021,318
jskeet,Jon Skeet,"London, UK",N/A,7015,103
V1nni00,Vinay Kumar,India,N/A,7001,0
mitchtabian,Mitch Tabian,,N/A,6982,177
crnacura,Manoela Ilic,"Portimão, Portugal",N/A,6981,109
dalindev,Dalin Huang,"Ottawa, Earth #7",N/A,6979,37
oldratlee,李鼎,"Shanghai ⇌ Hangzhou Zhejiang, China",N/A,6976,63
Rafaelmdcarneiro,Rafael Carneiro,Brazil,N/A,6958,257
mattdesl,Matt DesLauriers,"London, UK",N/A,6950,652
dai-shi,Daishi Kato,Tokyo,N/A,6949,154
simonw,Simon Willison,"Half Moon Bay, CA",N/A,6947,840
hehonghui,Mr.Simple,china,N/A,6944,291
mustafamuratcoskun,Mustafa Murat Coşkun,Ankara,N/A,6928,34
omariosouto,Mario Souto,"Brasil, São Paulo ",N/A,6926,369
tiann,weishu,China,N/A,6912,128
mxstbr,Max Stoiber,"San Francisco, CA",N/A,6898,327
JCSIVO,JCSIVO,"España, Spain",N/A,6897,29
jeffheaton,Jeff Heaton,"St. Louis, MO, USA",N/A,6894,61
phith0n,Owen Gong,Singapore,N/A,6875,89
vxunderground,,International,N/A,6867,4
byt3bl33d3r,Marcello,Error: Unable to resolve,N/A,6823,86
xufei,xufei,"Shanghai, China",N/A,6809,41
steveklabnik,Steve Klabnik,"Austin, TX",N/A,6806,876
appleboy,Bo-Yi Wu,"Hsinchu, Taiwan",N/A,6803,593
amusi,Amusi,"Shanghai, China",N/A,6779,255
GrahamCampbell,Graham Campbell,"York, United Kingdom",N/A,6772,86
shuding,Shu Ding,Berlin,N/A,6764,176
junyanz,Jun-Yan Zhu,"Pittsburgh, PA",N/A,6744,64
nat,Nat Friedman,San Francisco,N/A,6741,20
jasineri,Nerijus Jasinskas,Germany,N/A,6735,14
divanov11,Dennis Ivy,,N/A,6723,113
swyxio,swyx.io,San Francisco,N/A,6720,722
android10,Fernando Cejas,"Berlin, Germany",N/A,6715,82
jdah,jdh,Denmark,N/A,6705,19
cornflourblue,Jason Watmore,Sydney Australia,N/A,6701,188
sharkdp,David Peter,"Stuttgart, Germany",N/A,6684,117
Jarred-Sumner,Jarred Sumner,"San Francisco, CA",N/A,6680,259
bigtreetech,BIGTREETECH,"Shenzhen, China",N/A,6667,139
yuanming-hu,Yuanming Hu,,N/A,6660,62
ethanflower1903,Ethan Flower-01100101 01110100 01101000 01100001 01101110,san francisco,N/A,6659,323
max-mapper,Max,,N/A,6659,914
loveBabbar,love babbar,new delhi,N/A,6653,14
cheshire137,Sarah Vessels,"Nashville, Tennessee",N/A,6652,144
Nakshatra05,Nakshatra Goel,"Delhi, India",N/A,6645,30
lemire,Daniel Lemire,"Montreal, Canada",N/A,6624,364
rbgirshick,Ross Girshick,,N/A,6614,26
warmice71,"Backend and Frontend Developer, and BlockChain developer",,N/A,6600,82
koushikkothagal,Koushik Kothagal,,N/A,6598,62
machadop1407,Pedro Henrique Machado,"Vancouver, British Columbia, Canada",N/A,6591,103
historicalsource,Historical Source,,N/A,6588,328
AsmrProg-YT,Reza Mehdikhanlou,,N/A,6587,35
stebsnusch,Stephany Nusch,"Surrey, British Columbia ",N/A,6576,19
graydon,Graydon Hoare,"Vancouver, BC",N/A,6576,595
notwaldorf,Monica Dinculescu,Sun Funcisco ☀️,N/A,6571,90
0vm,Ak,"Sydney, Australia",N/A,6566,10
davecheney,Dave Cheney,"Sydney, Australia",N/A,6557,178
skywind3000,Linwei,PRC,N/A,6554,152
rwightman,Ross Wightman,"Vancouver, BC, Canada",N/A,6551,78
barryvdh,Barry vd. Heuvel,"Noord-Brabant, the Netherlands",N/A,6547,314
rodrigobranas,Rodrigo Branas,"Florianópolis, Brazil",N/A,6541,274
marijnh,Marijn Haverbeke,Berlin,N/A,6526,73
commonsguy,Mark Murphy,,N/A,6526,24
jojoldu,DongUk Lee,Seoul,N/A,6514,227
ericelliott,Eric Elliott,The metaverse,N/A,6510,152
labuladong,DonglaiFu,,N/A,6492,24
tekkub,Tekkub,MYBUTT,N/A,6491,22
emmabostian,Emma Bostian,"Stockholm, Sweden",N/A,6475,69
mxmnk,Jerzy,"Berlin, Germany",N/A,6465,11
folke,Folke Lemaitre,"Ghent, Belgium",N/A,6455,126
rstacruz,Rico Sta. Cruz,"Melbourne, AU",N/A,6435,601
rhiever,Randy Olson,"Vancouver, WA",N/A,6406,90
TheLarkInn,Sean Larkin,"Seattle, WA",N/A,6404,283
learnwithsumit,Learn with Sumit,"Dhaka, Bangladesh",N/A,6398,45
holman,Zach Holman,San Francisco,N/A,6382,68
joshwcomeau,Joshua Comeau,"Montreal, QC",N/A,6378,234
iuricode,Iuri Silva,Brasil,N/A,6376,9
swankjesse,Jesse Wilson,"Waterloo, Ontario, Canada",N/A,6365,40
bagder,Daniel Stenberg,"the curl factory, Sweden - close to Nebraska",N/A,6345,58
campusx-official,CampusX,"Gurgaon, India",N/A,6343,188
isyuricunha,Yuri,Brazil,N/A,6340,67
jph00,Jeremy Howard,"Brisbane, Australia",N/A,6337,87
otaviossousa,Otavio Sousa,Brazil,N/A,6305,26
TommyZihao,Tommy in Tongji,Shanghai,N/A,6298,129
coderwhy,,guangzhou,N/A,6294,33
ankane,Andrew Kane,"San Francisco, CA",N/A,6294,384
emilk,Emil Ernerfeldt,"Stockholm, Sweden",N/A,6268,77
ahmadawais,Ahmad Awais ⌘,"San Francisco Bay Area, CA, US.",N/A,6242,777
nikic,Nikita Popov,"Berlin, Germany",N/A,6236,132
nicklockwood,Nick Lockwood,London,N/A,6233,97
seniorvuejsdeveloper,Senior Vue.js Developer,Istanbul,N/A,6212,7
TooTallNate,Nathan Rajlich,"San Francisco, CA",N/A,6209,419
HashLips,HashLips,,N/A,6192,22
giswqs,Qiusheng Wu,"Knoxville, TN",N/A,6191,317
prakhar1989,Prakhar Srivastav,"San Francisco, CA",N/A,6166,182
gaoxiang12,Xiang Gao,"zhiyuan-robotics.com, Beijing",N/A,6155,51
BrendanEich,Brendan Eich,,N/A,6127,20
mhevery,Miško Hevery,,N/A,6119,105
mafintosh,Mathias Buus,Switzerland,N/A,6105,1130
Fernanda-Kipper,Fernanda Kipper,Brazil,N/A,6055,79
mstraughan86,Michael Straughan,"Las Vegas, Nevada",N/A,6054,28
linyiLYi,,,N/A,6030,6
jxnblk,Brent Jackson,New York City,N/A,6024,289
petehunt,Pete Hunt,"San Francisco, CA",N/A,6017,206
orta,Orta Therox,Huddersfield / NYC / Dublin / Rio de Janeiro,N/A,6017,1036
mckaywrigley,Mckay Wrigley,,N/A,6013,46
staltz,André Staltz,"Helsinki, Finland",N/A,5967,439
richhickey,Rich Hickey,NY,N/A,5965,13
jbogard,Jimmy Bogard,"Austin, TX",N/A,5945,141
Grafikart,Jonathan,Montpellier,N/A,5943,71
rui314,Rui Ueyama,Tokyo,N/A,5942,45
vivekweb2013,vivekweb2013,"Pune, India",N/A,5938,27
hackedteam,Hacked Team,,N/A,5929,52
jasontaylordev,Jason Taylor,"Brisbane, Australia",N/A,5926,47
desandro,David DeSandro,"Vienna, VA",N/A,5903,70
posva,Eduardo San Martin Morote,Paris ,N/A,5903,359
geektime-geekbang,,,N/A,5898,53
sadikturan,Sadık Turan,turkey,N/A,5896,24
guolindev,Lin Guo,"Suzhou, China",N/A,5876,17
hasherezade,hasherezade,Poland,N/A,5875,108
chenglou,Cheng Lou,California,N/A,5867,208
jgthms,Jeremy Thomas,London,N/A,5865,96
liuhuanyong,liuhuanyong,"Beijing, China",N/A,5863,73
fuzhengwei,小傅哥,北京市亦庄经济技术开发区,N/A,5860,196
LingDong-,Lingdong Huang,,N/A,5832,94
hussien89aa,Hussein Alrubaye,New York,N/A,5822,65
qiwsir,老齐,Suzhou China,N/A,5810,310
ashishps1,Ashish Pratap Singh,Remote,N/A,5804,41
ZhangMYihua,Yihua Zhang,Toronto,N/A,5802,148
evilcos,evilcos,,N/A,5783,13
stephencelis,Stephen Celis,California,N/A,5782,154
mourner,Volodymyr Agafonkin,"Kyiv, Ukraine",N/A,5755,119
evancz,Evan Czaplicki,,N/A,5748,63
hackingthemarkets,Part Time Larry,"San Francisco, CA",N/A,5744,78
ornicar,Thibault Duplessis,France,N/A,5739,453
williamfiset,William Fiset,"Mountain View, California",N/A,5712,20
markerikson,Mark Erikson,"OH, USA",N/A,5710,97
mpj,Mattias Petter Johansson,"Stockholm, Sweden",N/A,5710,147
anisul-Islam,Anisul Islam,"Tampere, Finland",N/A,5704,160
poteto,lauren,nyc,N/A,5700,96
planetoftheweb,Ray Villalobos,"Deland, FL",N/A,5684,280
KeithGalli,Keith Galli,"Boston, MA",N/A,5680,54
Magicianred,Simone Paolucci,Italy,N/A,5668,1728
opa334,Lars Fröder,,N/A,5666,66
cmlsharp,Chad Sharp,,N/A,5665,26
PySimpleGUI,PySimpleGUI,USA,N/A,5642,17
bizz84,Andrea Bizzotto,London,N/A,5636,127
yihong0618,yihong,China,N/A,5627,109
microsoftopensource,Microsoft Open Source,"Redmond, WA",N/A,5624,54
WZMIAOMIAO,WuZhe,,N/A,5622,5
xuxueli,许雪里,"Shanghai, China",N/A,5611,12
mholt,Matt Holt,,N/A,5609,72
crossoverJie,crossoverJie,"CHONGQING,CHINA",N/A,5603,138
codewithsadee,Sadee,,N/A,5603,142
JubayerRiyad,Jubayer Riyad,Bangladesh,N/A,5594,11
jherr,Jack Herrington,"Happy Valley, OR",N/A,5592,406
moxie0,Moxie Marlinspike,San Francisco,N/A,5586,22
daveshap,David Shapiro,,N/A,5573,150
Neo23x0,Florian Roth,"Frankfurt, Germany",N/A,5560,147
mikepenz,Mike Penz,"Linz, Austria",N/A,5557,101
hrydgard,Henrik Rydgård,"Stockholm, Sweden",N/A,5551,64
MichalPaszkiewicz,Michal J A Paszkiewicz,"Gloucester, UK",N/A,5531,72
patrickloeber,Patrick Loeber,,N/A,5519,53
KrauseFx,Felix Krause,"Vienna, Austria",N/A,5511,169
eliben,Eli Bendersky,California,N/A,5511,78
avelino,Avelino,Brazil,N/A,5508,237
fenixsoft,IcyFenix,"China, Shenzhen ⇄ Zhuhai",N/A,5507,19
greenrobot,Markus Junginger,Berlin,N/A,5506,29
timneutkens,Tim Neutkens,The Netherlands,N/A,5503,278
joyeecheung,Joyee Cheung,,N/A,5502,111
yanhaijing,颜海镜,"Beijing,China",N/A,5502,105
sobolevn,,"Frankfurt am Main, Germany",N/A,5487,617
fogleman,Michael Fogleman,"Cary, NC",N/A,5477,144
himself65,Alex Yang,"Mountain View, CA",N/A,5476,353
LiveOverflow,,,N/A,5472,29
falvojr,Venilton FalvoJr,"Araraquara-SP, Brazil",N/A,5470,100
sebastianruder,Sebastian Ruder,"Berlin, Germany",N/A,5466,45
nfultz,Neal Fultz,"Los Angeles, CA",N/A,5465,219
CelaDaniel,Daniel Cela,"Tirana, Albania",N/A,5459,114
naveenanimation20,Naveen AutomationLabs,,N/A,5452,226
asottile,Anthony Sottile,,N/A,5451,112
joschan21,Joscha Neske,Germany,N/A,5437,40
coolsnowwolf,coolsnowwolf,,N/A,5429,43
afollestad,Aidan Follestad,"St. Paul, Minnesota",N/A,5426,34
LuNiZz,Can Deger,/home/cph/dk,N/A,5416,34
jennybc,Jennifer (Jenny) Bryan,"Vancouver, BC, Canada",N/A,5415,287
tw93,Tw93,"HangZhou, China",N/A,5408,30
Ebazhanov,Evgenii Bazhanov,Deutschland,N/A,5408,128
domenic,Domenic Denicola,"Tokyo, Japan",N/A,5405,311
mattpocock,Matt Pocock,Oxfordshire,N/A,5404,213
jdalton,John-David Dalton,Remote,N/A,5398,31
zhangxinxu,zhangxinxu,,N/A,5397,28
BaseMax,Max Base,"The Internet, Remote",N/A,5388,742
antoniolg,Antonio Leiva,Madrid (Spain),N/A,5385,81
ept,Martin Kleppmann,"Cambridge, UK",N/A,5377,114
jinzhu,Jinzhu,HangZhou China,N/A,5375,111
U7P4L-IN,U7P4L x C0D3R,United States,N/A,5363,75
mahseema,Mahsima Dastan,San Francisco,N/A,5361,15
eriklindernoren,Erik Linder-Norén,"Stockholm, Sweden",N/A,5346,28
lidangzzz,立党 Lidang,Texas,N/A,5333,37
hak5darren,Darren Kitchen,"San Francisco, CA",N/A,5320,6
akira-cn,Yvo,,N/A,5318,116
nswbmw,nswbmw,,N/A,5316,133
ncase,Nicky Case,,N/A,5315,132
vakila,Anjana Vakil,San Francisco | Berlin,N/A,5298,57
mohammadhasanii,Mohammad,"Tehran , Iran",N/A,5290,35
hzoo,Henry,,N/A,5270,206
KevinHock,,I love San Francisco,N/A,5261,49
eggprotocol,EGG.FI,,N/A,5257,2
steven-tey,Steven Tey,SF,N/A,5254,105
ValentineFernandes,Valentine Fernandes,"Mumbai, India",N/A,5253,66
MichelliBrito,Michelli Brito,"Alphaville, SP, Brasil",N/A,5248,31
murtazahassan,Murtaza Hassan,,N/A,5246,23
aymericdamien,Aymeric Damien,"San Francisco, CA",N/A,5238,12
alsotang,alsotang,"ShenZhen, China",N/A,5228,214
kenwheeler,Ken Wheeler,Jersey Shore,N/A,5226,123
wx-chevalier,王下邀月熊,Shanghai,N/A,5220,157
leebyron,Lee Byron,San Francisco,N/A,5211,120
a8m,Ariel Mashraki,"Tel Aviv, Israel",N/A,5207,120
hasinhayder,Hasin Hayder,"Dhaka, Bangladesh",N/A,5203,202
NARKOZ,Nihad Abbasov,"Kyiv, Ukraine",N/A,5200,95
HcySunYang,Chunyang Huo,"Beijing, China",N/A,5194,121
dabeaz,David Beazley,Chicago,N/A,5182,35
MariyaSha,Mariya,"Vancouver, BC",N/A,5169,65
badtuxx,Jeferson Fernando,,N/A,5169,73
NobyDa,NobyDa,,N/A,5166,11
researchersource,Researcher Source,,N/A,5157,0
Yidadaa,Yifei Zhang,China,N/A,5157,61
lihaoyi,Li Haoyi,,N/A,5146,61
jeffersonsimaogoncalves,Jèfferson Gonçalves,,N/A,5142,1112
creationix,Tim Caswell,"Mountainburg, AR, USA",N/A,5139,534
krahets,Yudong Jin,Shanghai,N/A,5136,11
driesvints,Dries Vints,Belgium,N/A,5135,25
alexcrichton,Alex Crichton,,N/A,5134,547
huangzworks,宏图书社 | 黄健宏,China,N/A,5120,48
w3cj,CJ,"Denver, CO",N/A,5117,170
guo-yu,Guo Yu,"Tokyo & Azumino, Japan",N/A,5110,210
julycoding,July,"Beijing, China",N/A,5109,7
calebporzio,Caleb Porzio,Buffalo NY,N/A,5106,97
SkalskiP,Piotr Skalski,127.0.0.1,N/A,5104,131
LeonidasEsteban,Leonidas Esteban,Ciudad de México,N/A,5098,234
matklad,Alex Kladov,Lisbon,N/A,5097,527
freddier,Freddy Vega,"San Francisco, CA",N/A,5084,15
tonsky,Nikita Prokopov,"Berlin, Germany",N/A,5082,124
themsaid,Mohamed Said,Dubai,N/A,5081,67
Akryum,Guillaume Chau,France,N/A,5077,232
charliermarsh,Charlie Marsh,"Brooklyn, NY",N/A,5075,65
ebidel,Eric Bidelman,"Los Angeles, CA",N/A,5062,91
csswizardry,Harry Roberts,"Leeds, UK",N/A,5059,56
CharlesCreativeContent,Shawn Charles,"Boston, MA",N/A,5054,84
alanhamlett,Alan Hamlett,"Vienna, Austria ",N/A,5054,119
riti2409,Riti Kumari,Jharkhand India,N/A,5043,69
rusty1s,Matthias Fey,"Dortmund, Germany",N/A,5041,70
rustdesk,RustDesk,Singapore,N/A,5023,40
roboticcam,Prof Richard Xu                 徐亦达教授,Hong Kong,N/A,5017,13
jindongwang,Jindong Wang,"Beijing, China",N/A,5016,68
bezkoder,,,N/A,5013,343
una,Una Kravets,"New York, NY",N/A,5002,202
tylermcginnis,Tyler McGinnis,"St. George, Utah",N/A,5002,160
AppServiceProvider,App Service,,N/A,4991,62
acheong08,Antonio Cheong,Your computer,N/A,4989,91
Rodrigo-Cn,Rodrigo Costa,Guanambi - Bahia - Brazil,N/A,4980,33
ashleygwilliams,ashley williams,ATX,N/A,4979,425
aphyr,Kyle Kingsbury,USA,N/A,4975,125
jdevfullstack,,,N/A,4964,64
DanWahlin,Dan Wahlin,Arizona,N/A,4959,147
Nutlope,Hassan El Mghari,"New York City, NY",N/A,4958,77
kulikov-dev,,Setubal,N/A,4957,27
huacnlee,Jason Lee,"Chengdu, China",N/A,4955,194
rfyiamcool,fengyun.rui,China / BeiJing,N/A,4951,328
samuelcolvin,Samuel Colvin,"London, United Kingdom",N/A,4951,283
SensorsIot,SensorsIOT,,N/A,4949,134
Shougo,Shougo,Japan,N/A,4946,210
BretFisher,Bret Fisher,"Virginia Beach, Virginia, USA",N/A,4943,107
QuincyLarson,Quincy Larson,"Dallas, Texas, US, Earth",N/A,4940,72
s4vitar,,Tenerife,N/A,4939,13
freekmurze,Freek Van der Herten,"Antwerp, Belgium",N/A,4938,175
tshemsedinov,Timur Shemsedinov,"Earth, Europe, Ukraine, Kiev, Kyiv, USA, Spain, Germany, Italy, China",N/A,4930,234
Anuj-Kumar-Sharma,Anuj Kumar Sharma,"New Delhi, India",N/A,4927,39
mikeal,Mikeal Rogers,San Francisco,N/A,4922,534
susanli2016,Susan Li,Toronto Canada,N/A,4921,34
teddysun,Teddysun,Shanghai,N/A,4909,8
kevinsawicki,Kevin Sawicki,"Sammamish, WA",N/A,4907,224
wepe,wepon,China Hangzhou,N/A,4900,28
mmumshad,Mumshad Mannambeth,Singapore,N/A,4895,74
JeffreyZhao,Jeffrey Zhao,United States,N/A,4892,37
alexellis,Alex Ellis,United Kingdom,N/A,4892,494
zpao,Paul O’Shannessy,"Seattle, WA",N/A,4890,166
hellokaton,見える,"ShangHai, China",N/A,4877,96
hardmaru,hardmaru,Tokyo,N/A,4871,81
Lissy93,Alicia Sykes,"London, UK",N/A,4865,123
qpeckin,,Germany,N/A,4862,4
AlexeyAB,Aleksei Bochkovskii,"Germany, Munich",N/A,4856,131
xopaz,FOLLOW4FOLLOW,Russia,N/A,4854,3
chai2010,chai2010,"Hangzhou, China",N/A,4852,294
timbl,Tim Berners-Lee,Boston MA USA,N/A,4850,34
ming1016,戴铭,北京,N/A,4849,21
luxplanjay,Alexander Repeta,Ukraine,N/A,4844,113
ddgksf2013,Cuttlefish,,N/A,4844,15
luin,Zihua Li,,N/A,4834,123
antonbabenko,Anton Babenko,"Oslo, Norway",N/A,4834,36
atian25,TZ | 天猪,"GuangZhou, China",N/A,4832,124
philipwalton,Philip Walton,"Los Angeles, CA",N/A,4831,87
atinux,Sébastien Chopin,France,N/A,4821,362
gorhill,Raymond Hill,Canada / Québec,N/A,4817,26
yegor256,Yegor Bugayenko,China,N/A,4815,204
Dreamacro,Dreamacro,"Amoy, China",N/A,4814,25
RameshMF,Ramesh Fadatare,Pune,N/A,4813,249
geeeeeeeeek,Zhongyi Tong,SF Bay Area,N/A,4810,58
anvaka,Andrei Kashcha,Seattle ,N/A,4798,320
bahmutov,Gleb Bahmutov,"Boston, MA",N/A,4796,1270
bevacqua,Nicolás Bevacqua,"Buenos Aires, Argentina",N/A,4796,296
mislav,Mislav Marohnić,The Netherlands,N/A,4791,225
asweigart,Al Sweigart,USA,N/A,4790,254
dirambora,Diram,"Nairobi,Kenya",N/A,4789,33
dylanaraps,dylan,,N/A,4788,75
JohannesMilke,Johannes Milke,Germany - Kassel,N/A,4785,682
andrewjmead,Andrew Mead,Philadelphia,N/A,4782,26
wangzheng0822,,,N/A,4781,6
sebmck,Sebastian,,N/A,4780,3
anthdm,Anthony De Meulemeester,Belgium,N/A,4773,111
topaz,Eric Wastl,,N/A,4761,16
Blankj,Blankj,Hangzhou,N/A,4759,44
asLody,Lody,,N/A,4748,29
ogrisel,Olivier Grisel,"Paris, France",N/A,4745,236
sahat,Sahat Yalkabov,Remote,N/A,4741,185
hansonwang99,CodeSheep 程序羊,江苏 · 南京,N/A,4736,51
deepsea514,Deep Sea,,N/A,4727,55
noopkat,Suz Hinton,,N/A,4723,204
NobleMajo,NobleMajo,"Hannover, DE",N/A,4719,20
lukeed,Luke Edwards,"San Francisco, CA",N/A,4718,363
robbyrussell,Robby Russell,"Portland, Oregon USA",N/A,4717,71
jgilfelt,Jeff Gilfelt,"London, United Kingdom",N/A,4712,34
joelgrus,Joel Grus,"Boerne, TX",N/A,4707,109
smallnest,smallnest,China,N/A,4703,230
rs,Olivier Poitrey,"Silicon Valley, California, USA",N/A,4694,122
soffes,Sam Soffes,"San Francisco, CA",N/A,4693,182
migueldeicaza,Miguel de Icaza,"Boston, MA.",N/A,4692,220
nikitavoloboev,Nikita,,N/A,4692,81
felixrieseberg,Felix Rieseberg,San Francisco,N/A,4687,269
numbbbbb,Jie Liang,"Oakville, ON",N/A,4687,78
madeye,Max Lv,"Shanghai, China",N/A,4685,46
Hendrixer,Scott Moss,Bay Area,N/A,4679,182
changkun,Changkun Ou,"Munich, Germany",N/A,4667,140
camenduru,,,N/A,4666,1534
Gizachew29,Gizachew,"Summerlin, NV,  USA",N/A,4665,60
championswimmer,Arnav Gupta,"Bangalore, India",N/A,4664,370
hax,HE Shi-Jun,"Shanghai, China",N/A,4654,197
AlianeAmaral,Aliane E. Amaral,"Campo Grande, MS - Brazil",N/A,4653,26
minimaxir,Max Woolf,San Francisco,N/A,4650,144
waylau,Way Lau,,N/A,4641,130
CamDavidsonPilon,Cameron Davidson-Pilon,"Waterloo, Canada",N/A,4640,103
gakonst,Georgios Konstantopoulos,"Thessaloniki, Greece",N/A,4637,285
bbatsov,Bozhidar Batsov,Bulgaria,N/A,4636,155
JedWatson,Jed Watson,Sydney,N/A,4625,128
azl397985856,lucifer,China,N/A,4620,148
DanielHe4rt,Daniel Reis,Brazil,N/A,4614,210
lefticus,Jason Turner,"Denver, CO",N/A,4613,118
oschina,开源中国,SZ China,N/A,4612,25
thapatechnical,Vinod Bahadur Thapa,,N/A,4611,144
barretlee,Barret李靖,"Hangzhou,China",N/A,4605,87
hakanyalcinkaya,Hakan Yalcinkaya,Istanbul,N/A,4604,14
TheOfficialFloW,Andy Nguyen,Zurich,N/A,4601,47
mikepound,Michael Pound,,N/A,4599,17
EvanBacon,Evan Bacon,Austin TX,N/A,4599,327
milsaware,milsaware,United Kingdom,N/A,4594,20
decoderwhoami,Sabyasachi Seal,,N/A,4593,13
vim-scripts,Scrappy Scraper,,N/A,4592,5209
krzysztofzablocki,Krzysztof Zabłocki,"Warsaw, Poland",N/A,4591,50
acantril,Adrian Cantrill,Brisbane,N/A,4589,20
JordanSchuetz,Jordan Schuetz,San Francisco CA,N/A,4585,29
jesseduffield,Jesse Duffield,Melbourne,N/A,4582,63
arpitbbhayani,Arpit Bhayani,Bangalore,N/A,4571,189
marcan,Hector Martin,"Tokyo, Japan",N/A,4571,90
YunYouJun,云游君,"Guangzhou, China",N/A,4569,228
insidegui,Guilherme Rambo,Brazil,N/A,4568,222
pissang,Yi Shen,"Shanghai, China",N/A,4567,113
Seldaek,Jordi Boggiano,"Zürich, Zurich, Switzerland",N/A,4564,273
Ignitetechnologies,Hacking Articles ,New Delhi,N/A,4562,25
somekindofwallflower,Wallflower,"Milan, Italy",N/A,4560,46
Brooooooklyn,LongYinan,Singapore,N/A,4560,292
SuperSimpleDev,,,N/A,4559,9
lenve,江南一点雨,China GuangZhou,N/A,4559,90
steipete,Peter Steinberger,"Vienna, Austria",N/A,4556,79
coryhouse,Cory House,Kansas City,N/A,4554,239
kdn251,Kevin Naughton Jr.,"New York, New York",N/A,4548,23
thedaviddias,David Dias,"Toronto, Canada",N/A,4548,96
goldbergyoni,Yoni Goldberg,Israel,N/A,4543,35
WillKoehrsen,Will Koehrsen,"Washington, DC",N/A,4541,94
zkat,Kat Marchán,stolen Chochenyo Ohlone land,N/A,4540,223
oobabooga,,,N/A,4531,53
kripken,Alon Zakai,,N/A,4531,123
Errichto,,,N/A,4525,8
LondheShubham153,Shubham Londhe,"Pune, Maharashtra",N/A,4512,146
ValdikSS,ValdikSS,Russia,N/A,4504,52
xoreaxeaxeax,domas,,N/A,4503,16
sonnysangha,Sonny Sangha,London,N/A,4502,39
